Organism	Aat	FldN	FldL	FldA	FldBC	AcdA	FldP	FldH	FldK	FldT	FldO	HadH	HadA	HadBC	AcdB	HadP	LeuP	Lat	HadO	HadS
Abiotrophia defectiva ATCC 49176 (592010.4)	932																	1369		
Acidaminococcus fermentans DSM 20731 (591001.3)	947																	1363		
Acidaminococcus intestini RyC-MR95 (568816.4)	860																	218		
Acidaminococcus sp. D21 (563191.3)	279, 1509																	595		
Acinetobacter calcoaceticus PHEA-2 (871585.3)	3531																	2371		
Acinetobacter haemolyticus NIPH 261 (1217986.3)	2953																	862		
Acinetobacter johnsonii SH046 (575586.4)	900, 1262																	2851		
Acinetobacter junii SH205 (575587.3)	1768																	238		
Acinetobacter lwoffii WJ10621 (1046625.3)	1056, 1576																	2162		
Acinetobacter pittii ANC 4052 (1217689.3)	1504																	333, 2735		
Acinetobacter radioresistens NIPH 2130 (1217674.3)	2068																	1148		
Actinobacillus pleuropneumoniae L20 (416269.6)	734, 2104																	74		
Actinomyces cardiffensis F0333 (888050.3)	105, 778																	1688		
Actinomyces graevenitzii C83 (435830.3)																		267		
Actinomyces odontolyticus ATCC 17982 (411466.7)	539																	1747		
Actinomyces turicensis ACS-279-V-Col4 (883077.3)	1481																	1612		
Actinomyces urogenitalis DSM 15434 (525246.3)	86, 1119																	1587		
Actinomyces viscosus C505 (562973.4)	40, 1098																	2151		
Aerococcus viridans ATCC 11563 (655812.3)																		820, 1073, 1103		
Aeromonas caviae Ae398 (878320.4)	2514																	3980		
Aeromonas hydrophila subsp. hydrophila ATCC 7966 (380703.7)	2197																	4158		
Aeromonas veronii B565 (998088.4)	1899																	3883		
Afipia birgiae 34632 (1197906.5)	4971																	517		
Aggregatibacter aphrophilus NJ8700 (634176.4)	1177, 1661																	1039		
Akkermansia muciniphila ATCC BAA-835 (349741.6)	1984, 2449																	821		
Alcaligenes faecalis subsp. faecalis NCIB 8687 (1156918.4)	121																	2819		
Alistipes finegoldii DSM 17242 (679935.3)	2902																	1442		
Alistipes indistinctus YIT 12060 (742725.3)	418																	715		
Alistipes onderdonkii DSM 19147 (1120974.3)	598																	2137		
Alistipes putredinis DSM 17216 (445970.5)																		559		
Alistipes shahii WAL 8301 (717959.3)	1789																	50		
Anaerobaculum hydrogeniformans ATCC BAA-1850 (592015.5)	594																	2151		
Anaerococcus hydrogenalis DSM 7454 (561177.4)																				
Anaerococcus prevotii DSM 20548 (525919.6)																				
Anaerococcus vaginalis ATCC 51170 (655811.4)																				
Anaerofustis stercorihominis DSM 17244 (445971.6)	1383																	408		
Anaerostipes caccae DSM 14662 (411490.6)	158																	153		
Anaerostipes hadrus DSM 3319 (649757.3)	1756																	450		
Anaerostipes sp. 3_2_56FAA (665937.3)	2689																	2694		
Anaerotruncus colihominis DSM 17241 (445972.6)	2055																	3031		
Arcanobacterium haemolyticum DSM 20595 (644284.3)																		422, 423		
Arcobacter butzleri RM4018 (367737.6)	2081																	118		
Atopobium minutum 10063974 (997872.3)																				
Atopobium parvulum DSM 20469 (521095.6)																		1041		
Atopobium rimae ATCC 49626 (553184.4)																		887, 1458		
Bacillus atrophaeus ATCC 49822-1 (743710.3)	1975																	1016, 2959		
Bacillus cereus AH187 (405534.9)	1860, 3189																	1739, 2136		
Bacillus cereus G9842 (405531.7)	1416, 2900																	1296, 1690		
Bacillus clausii KSM-K16 (66692.6)	2024																	2056		
Bacillus endophyticus 2102 (1196029.3)	1210																	3254		
Bacillus fordii DSM 16014 (1121090.3)	2158, 3443																	2715, 3993		
Bacillus halodurans C-125 (272558.8)	1737																	2251		
Bacillus mojavensis RO-H-1 (1051501.3)	3620, 3621																	980, 1514		
Bacillus mycoides DSM 2048 (526997.3)	1822, 3202																	1694, 2097		
Bacillus pseudofirmus OF4 (398511.4)	3030																	597		
Bacillus pumilus ATCC 7061 (536229.4)	2777																	2334, 3179		
Bacillus sonorensis L12 (1274524.3)	392																	2049, 3910		
Bacillus vallismortis DV1-F-3 (1051502.3)	3150																	4164		
Bacteroides caccae ATCC 43185 (411901.7)	1459, 2085																	3196		
Bacteroides capillosus ATCC 29799 (411467.6)	1850																	2480		
Bacteroides cellulosilyticus DSM 14838 (537012.5)	4495																	940		
Bacteroides clarus YIT 12056 (762984.3)	277																	2509		
Bacteroides coprocola DSM 17136 (470145.6)	2108																	2732		
Bacteroides coprophilus DSM 18228 (547042.5)	967																	1883		
Bacteroides dorei DSM 17855 (483217.6)	3507																	170		
Bacteroides eggerthii 1_2_48FAA (665953.3)	205, 3226																	2045		
Bacteroides eggerthii DSM 20697 (483216.6)	2575																	48		
Bacteroides faecis MAJ27 (1077285.3)	2462																	1359		
Bacteroides finegoldii DSM 17565 (483215.6)	2502																	752		
Bacteroides fluxus YIT 12057 (763034.3)	748																	2316		
Bacteroides fragilis 3_1_12 (457424.5)	3166																	4356		
Bacteroides fragilis 638R (862962.3)	3119																	3994		
Bacteroides fragilis NCTC 9343 (272559.17)	3057																	3856		
Bacteroides fragilis YCH46 (295405.11)	3055																	3846		
Bacteroides intestinalis DSM 17393 (471870.8)	2767																	76		
Bacteroides massiliensis B84634 = Timone 84634 = DSM 17679 = JCM 13223 (1121098.4)	752																	1951		
Bacteroides nordii CL02T12C05 (997884.3)	1882																	4039		
Bacteroides oleiciplenus YIT 12058 (742727.4)	3824																	2937		
Bacteroides ovatus ATCC 8483 (411476.11)	1120, 2146																	1378, 3123		
Bacteroides ovatus SD CC 2a (702444.3)	3171, 3609																	2348		
Bacteroides ovatus SD CMC 3f (702443.3)	383, 3414																	1843		
Bacteroides pectinophilus ATCC 43243 (483218.5)	2210																	2726		
Bacteroides plebeius DSM 17135 (484018.6)	2029																	2914		
Bacteroides salyersiae WAL 10018 = DSM 18765 = JCM 12988 (1121101.3)	298																	4069		
Bacteroides sp. 1_1_14 (469585.3)	843																	1665		
Bacteroides sp. 1_1_30 (457387.3)	1783, 2935																	1863		
Bacteroides sp. 1_1_6 (469586.3)	35																	2532		
Bacteroides sp. 20_3 (469591.4)	2854																	1504		
Bacteroides sp. 2_1_22 (469588.3)	255, 2590																	3115		
Bacteroides sp. 2_1_33B (469589.3)	566, 1235																	3489		
Bacteroides sp. 2_1_7 (457388.5)	1524																	3290		
Bacteroides sp. 2_2_4 (469590.5)	987, 2785																	3999		
Bacteroides sp. 3_1_19 (469592.4)	1739																	1031		
Bacteroides sp. 3_1_23 (457390.3)	995, 2518																	4013		
Bacteroides sp. 3_1_33FAA (457391.3)	755																	3144		
Bacteroides sp. 3_1_40A (469593.3)	93, 2442																	2707		
Bacteroides sp. 3_2_5 (457392.3)	1904																	4064		
Bacteroides sp. 4_1_36 (457393.3)	97, 3184																	2165		
Bacteroides sp. 4_3_47FAA (457394.3)	243, 1883																	3778		
Bacteroides sp. 9_1_42FAA (457395.6)	2331																	2873		
Bacteroides sp. D1 (556258.5)	92, 1291																	2966		
Bacteroides sp. D2 (556259.3)	658, 2904																	1615		
Bacteroides sp. D20 (585543.3)	1853, 2713																	2255		
Bacteroides sp. D22 (585544.3)	927, 4217																	639		
Bacteroides stercoris ATCC 43183 (449673.7)	1518																	3314		
Bacteroides thetaiotaomicron VPI-5482 (226186.12)	200																	3957		
Bacteroides uniformis ATCC 8492 (411479.10)	1186, 4005																	3036		
Bacteroides ureolyticus DSM 20703 (1121102.3)	359																	481		
Bacteroides vulgatus ATCC 8482 (435590.9)	910, 2440																	268		
Bacteroides xylanisolvens SD CC 1b (702447.3)	954, 3009																	1007		
Bacteroides xylanisolvens XB1A (657309.4)	1470, 3200																	1808		
Barnesiella intestinihominis YIT 11860 (742726.3)	2011																	2499		
Bartonella quintana str. Toulouse (283165.4)	1000																	844		
Bifidobacterium adolescentis ATCC 15703 (367928.6)	1208																	807		
Bifidobacterium angulatum DSM 20098 = JCM 7096 (518635.7)	509																	803		
Bifidobacterium animalis subsp. lactis AD011 (442563.4)	835																	1477		
Bifidobacterium animalis subsp. lactis BB-12 (552531.3)	99																	1379		
Bifidobacterium animalis subsp. lactis Bi-07 (742729.3)	1215																	887		
Bifidobacterium animalis subsp. lactis Bl-04 (580050.3)	1226																	896		
Bifidobacterium animalis subsp. lactis CNCM I-2494 (1042403.4)	1218																	888		
Bifidobacterium animalis subsp. lactis DSM 10140 (555970.3)	1227																	895		
Bifidobacterium animalis subsp. lactis V9 (573236.3)	1223																	890		
Bifidobacterium bifidum BGN4 (484020.3)	501																	825		
Bifidobacterium bifidum NCIMB 41171 (398513.5)	1185																	275		
Bifidobacterium bifidum PRL2010 (702459.3)	548																	864		
Bifidobacterium bifidum S17 (883062.5)	564																	889		
Bifidobacterium breve HPH0326 (1203540.3)	1376																	1891		
Bifidobacterium breve UCC2003 (326426.4)	1378																	999		
Bifidobacterium catenulatum DSM 16992 = JCM 1194 (566552.6)	364																	813		
Bifidobacterium dentium ATCC 27678 (473819.7)	1363																	1841		
Bifidobacterium gallicum DSM 20093 (561180.4)	295																	166		
Bifidobacterium longum DJO10A (Prj:321) (205913.11)	552																	100		
Bifidobacterium longum NCC2705 (206672.9)	145																	546		
Bifidobacterium longum subsp. infantis 157F (565040.3)	1384																	828		
Bifidobacterium longum subsp. infantis ATCC 15697 = JCM 1222 (391904.8)	847																	1643		
Bifidobacterium longum subsp. infantis ATCC 55813 (548480.3)	1318																	34		
Bifidobacterium longum subsp. infantis CCUG 52486 (537937.5)	1339																	1111		
Bifidobacterium longum subsp. longum BBMN68 (890402.3)	191																	606		
Bifidobacterium longum subsp. longum JCM 1217 (565042.3)	1350																	800		
Bifidobacterium longum subsp. longum JDM301 (759350.3)	1312																	892		
Bifidobacterium pseudocatenulatum DSM 20438 = JCM 1200 (547043.8)	667																	1135		
Bifidobacterium thermophilum RBL67 (1254439.12)	588, 1462																	982		
Bilophila wadsworthia 3_1_6 (563192.3)																		2651		
Blautia hansenii DSM 20583 (537007.6)	1974																	1800		
Blautia hydrogenotrophica DSM 10507 (476272.5)	894, 2996, 3068																	307, 1087		
Brachybacterium paraconglomeratum LC44 (1064537.3)	1050																	3216		
Brachyspira pilosicoli B2904 (1133568.3)	792, 793																			
Bradyrhizobium elkanii USDA 76 (398525.3)	415, 7968																	2863		
Brevibacillus agri BAB-2500 (1246477.3)	942, 2604																	943		
Brevibacillus borstelensis AK1 (1300222.3)	1269																	2060		
Brevibacillus brevis NBRC 100599 (358681.3)	2463																	1571		
Brevibacterium casei S18 (1229781.4)	1798, 2018, 2459																	1854		
Brevibacterium linens BL2 (321955.4)	659, 1696, 3537																	1193		
Brevibacterium massiliense 5401308 (1176165.3)																		774		
Brevundimonas diminuta 470-4 (1035191.3)	2351																	18, 871		
Bryantella formatexigens DSM 14469 (478749.5)	4180																	4202		
Bulleidia extructa W1219 (679192.3)																				
Burkholderia cepacia GG4 (1009846.3)	670, 3225																	845		
Burkholderiales bacterium 1_1_47 (469610.4)	344																	1671, 1672		
Butyricicoccus pullicaecorum 1.2 (1203606.4)	450																	2109		
Butyricimonas synergistica DSM 23225 (1121129.3)	1294, 2531																	587		
Butyrivibrio crossotus DSM 2876 (511680.4)	2225																	390, 2055		
Butyrivibrio fibrisolvens 16/4 (657324.3)	674, 675, 2094																	755		
Campylobacter coli JV20 (864566.3)	1245																	1177		
Campylobacter concisus 13826 (360104.9)	602																	1792		
Campylobacter curvus 525.92 (360105.8)	1657																	239		
Campylobacter fetus subsp. fetus 82-40 (360106.6)	263																	300		
Campylobacter gracilis RM3268 (553220.3)	324, 1966																	1471		
Campylobacter hominis ATCC BAA-381 (360107.7)	1251																	1394		
Campylobacter jejuni subsp. jejuni 81-176 [WGS] (354242.17)	331																	287		
Campylobacter jejuni subsp. jejuni ICDCCJ07004 (1295400.3)	1102																	1145		
Campylobacter jejuni subsp. jejuni M1 (645464.3)	300																	255		
Campylobacter jejuni subsp. jejuni NCTC 11168 (192222.6)	309, 1417, 1418																	263		
Campylobacter lari RM2100 (306263.5)	1345																	1390		
Campylobacter rectus RM3267 (553218.4)	398																	2808		
Campylobacter showae CSUNSWCD (1244083.3)	1475																	1745		
Campylobacter upsaliensis JV21 (888826.3)	706																	1424		
Capnocytophaga granulosa ATCC 51502 (641143.3)																		657		
Capnocytophaga ochracea DSM 7271 (521097.5)																		1579		
Capnocytophaga sputigena ATCC 33612 (553177.6)																		128		
Catenibacterium mitsuokai DSM 15897 (451640.5)	787																	2138		
Cedecea davisae DSM 4568 (566551.4)	2658																	4399		
Citrobacter freundii ATCC 8090 = MTCC 1658 (1006003.3)	2377																	3997		
Citrobacter koseri ATCC BAA-895 (290338.8)	651																	92		
Citrobacter sp. 30_2 (469595.3)	464																	4606		
Citrobacter youngae ATCC 29220 (500640.5)	2152																	4507		
Clostridiales bacterium 1_7_47FAA (457421.5)	4861																	4571		
Clostridium acetobutylicum ATCC 824 (272562.8)	3214																	1681, 2427		
Clostridium asparagiforme DSM 15981 (518636.5)	5004																	22, 263		
Clostridium bartlettii DSM 16795 (445973.7)	1531, 2005																			
Clostridium beijerinckii NCIMB 8052 (290402.41)	1354, 1870																	1068		
Clostridium bolteae ATCC BAA-613 (411902.9)	652																	4141		
Clostridium botulinum A str. ATCC 19397 (441770.6)	1519	3226	3225	3224	3221, 3222	3218, 3219, 3220	3217	3216	3358, 3360	3359	3353, 3354, 3355, 3356	3215	2061	2059, 2060	2056, 2057, 2058	2055		2610		
Clostridium botulinum A str. ATCC 3502 (413999.7)	1547	3270	3269	3268	3265, 3266	3262, 3263, 3264	3261	3260	3402, 3404	3403	3397, 3398, 3399, 3400	3259	2167	2165, 2166	2162, 2163, 2164	2161		2739		
Clostridium botulinum A str. Hall (441771.6)	1530	3115	3114	3113	3110, 3111	3107, 3108, 3109	3106	3105	3247, 3249	3248	3242, 3243, 3244, 3245	3104	2073	2071, 2072	2068, 2069, 2070	2067		2556		
Clostridium botulinum Bf (445336.4)	1265	2324	2323	2322	2319, 2320	2316, 2317, 2318	2315	2314	679, 681	680	683, 684, 685, 686	2313	2595	2593, 2594	2590, 2591, 2592	2589		1918, 2865		
Clostridium botulinum E1 str. 'BoNT E Beluga' (536233.3)	706																	2668, 2929		
Clostridium botulinum F str. 230613 (758678.3)	1664	3564	3563	3562	3559, 3560	3555, 3556, 3557	3554	3553	3718, 3720	3719	3713, 3714, 3715, 3716	3552	2297	2295, 2296	2291, 2292, 2293	2290		2894		
Clostridium butyricum DSM 10702 (1316931.3)	776, 1493																	992, 1336		
Clostridium butyricum E4 str. BoNT E BL5262 (632245.3)	253, 1752, 2667																	996, 3355		
Clostridium celatum DSM 1785 (545697.3)	2525																	235, 2957		
Clostridium citroniae WAL-17108 (742733.3)	3355																	2141		
Clostridium clariflavum DSM 19732 (720554.3)	4109																	1426		
Clostridium clostridioforme CM201 (999410.3)	4401																	994		
Clostridium difficile CD196 (645462.3)	1475, 2466											390	391	393, 394	395, 396, 397		2167	2166	2162, 2163, 2164, 2165	2161
Clostridium difficile NAP07 (525258.3)	1537, 2197											372	370	367, 368	364, 365, 366		1862	1863	1864, 1865, 1866, 1867	1868
Clostridium difficile NAP08 (525259.3)	825, 2943											2024	2026	2028, 2029	2030, 2031, 2032		23	24	25, 26, 27, 28	29
Clostridium difficile R20291 (645463.3)	1478, 2553											389	390	392, 393	394, 395, 396		2256	2255	2251, 2252, 2253, 2254	2250
Clostridium glycolicum ATCC 14880 (1121315.3)	2329																	1957		
Clostridium hathewayi 12489931 (999412.4)	3551																	4074		
Clostridium hiranonis DSM 13275 (500633.7)																				
Clostridium hylemonae DSM 15053 (553973.6)	83																	291		
Clostridium innocuum 2959 (999413.4)	2610																	3125		
Clostridium kluyveri DSM 555 (431943.8)	1358																	3712		
Clostridium leptum DSM 753 (428125.8)	2304																	2062		
Clostridium methylpentosum DSM 5476 (537013.3)	823																	233		
Clostridium nexile DSM 1787 (500632.7)	179																	2646		
Clostridium perfringens ATCC 13124 (195103.10)																		1715		
Clostridium ramosum DSM 1402 (445974.6)	168																	1927		
Clostridium saccharoperbutylacetonicum N1-4(HMT) (931276.5)	1498, 3398																	1088, 4631		
Clostridium scindens ATCC 35704 (411468.9)	2073																	332		
Clostridium sp. 7_2_43FAA (457396.3)	3224																	1944, 2081		
Clostridium sp. L2-50 (411489.7)	1361																	976		
Clostridium sp. M62/1 (411486.3)																		354		
Clostridium sp. SS2/1 (411484.7)	104																	689		
Clostridium sp. SY8519 (1042156.4)	1723																	1718		
Clostridium spiroforme DSM 1552 (428126.7)	444																	1230		
Clostridium sporogenes ATCC 15579 (471871.7)	1980	278	279	280	282, 283	284, 285, 286	287	288	117, 119	118	121, 122, 123, 124	289	1386	1387, 1388	1389, 1390, 1391	1392		3539		
Clostridium sporosphaeroides DSM 1294 (1121334.3)	2718																	2775		
Clostridium sticklandii DSM 519 (499177.3)	515																	168		
Clostridium symbiosum WAL-14163 (742740.3)	1386			5057	5058, 5059	5060, 5061, 5062												4901		
Clostridium symbiosum WAL-14673 (742741.3)	1711			3904	3905, 3906	3907, 3908, 3909												3640		
Clostridium tyrobutyricum DSM 2637 = ATCC 25755 (1121342.4)	671																	1339, 2218		
Collinsella aerofaciens ATCC 25986 (411903.6)	1728																	1507		
Collinsella intestinalis DSM 13280 (521003.7)																				
Collinsella stercoris DSM 13279 (445975.6)	301																			
Collinsella tanakaei YIT 12063 (742742.3)	970																	1049		
Coprobacillus sp. 29_1 (469596.3)	3055																	2840		
Coprococcus catus GD/7 (717962.3)	3065																	2391		
Coprococcus comes ATCC 27758 (470146.3)	488, 2771																	528		
Coprococcus eutactus ATCC 27759 (411474.6)	2150																	2403		
Corynebacterium ammoniagenes DSM 20306 (649754.3)	83, 1007																	4		
Corynebacterium amycolatum SK46 (553204.6)	843, 1307																	1379		
Corynebacterium aurimucosum ATCC 700975 (Prj:31451) (548476.7)	826, 1252, 2013																	2092		
Corynebacterium durum F0235 (1035195.3)	1435, 1859																	1549		
Corynebacterium glucuronolyticum ATCC 51867 (548477.4)	1097, 1793																	1019		
Corynebacterium kroppenstedtii DSM 44385 (645127.4)	202, 815																	726		
Corynebacterium propinquum DSM 44285 (1121367.3)	352, 740, 2072																	994		
Corynebacterium striatum ATCC 6940 (525268.3)	302, 554, 1584																	481		
Corynebacterium tuberculostearicum SK141 (553206.4)	1579, 2012																	1661		
Corynebacterium ulcerans 809 (945711.3)	179, 1523																	1597		
Cronobacter sakazakii ATCC BAA-894 (290339.8)	1062																	3366		
Cryptobacterium curtum DSM 15641 (469378.5)																		826		
Curtobacterium flaccumfaciens UCD-AKU (1292022.3)	1980																	1858		
Delftia acidovorans SPH-1 (398578.5)	5577																	328		
Desulfovibrio piger ATCC 29098 (411464.8)	2410																	1792		
Desulfovibrio sp. 3_1_syn3 (457398.5)	727																	50		
Dialister invisus DSM 15470 (592028.3)																				
Dialister succinatiphilus YIT 11850 (742743.3)	1672																			
Dorea formicigenerans ATCC 27755 (411461.4)	2229																	744		
Dorea longicatena DSM 13814 (411462.6)	2708																	942		
Dysgonomonas gadei ATCC BAA-286 (742766.3)	1023																	1330		
Edwardsiella tarda ATCC 23685 (500638.3)	1413																	2823		
Edwardsiella tarda FL6-60 (718251.5)	2135																	63		
Eggerthella lenta DSM 2243 (479437.5)	1110																	398		
Eggerthella sp. 1_3_56FAA (665943.3)	640																	1695		
Eggerthella sp. YY7918 (502558.4)	1862																	2203		
Eikenella corrodens ATCC 23834 (546274.4)																		941		
Enterobacter aerogenes KCTC 2190 (1028307.3)	4633																	1537		
Enterobacter asburiae LF7a (640513.3)	2941																	4439		
Enterobacter cancerogenus ATCC 35316 (500639.8)	1946																	4137		
Enterobacter cloacae EcWSU1 (1045856.3)	2878																	4282		
Enterobacter hormaechei YT2 (1259823.3)	986																	3344		
Enterobacter hormaechei YT3 (1260282.3)	1721																	3181		
Enterobacteriaceae bacterium 9_2_54FAA (469613.3)	596																	4140		
Enterococcus asini ATCC 700915 (1158606.4)	708																	73		
Enterococcus avium ATCC 14025 (1140002.4)	3440																	3917		
Enterococcus caccae ATCC BAA-1240 (1158612.4)	1008																	824		
Enterococcus casseliflavus ATCC 12755 (888066.3)	2803																	2201		
Enterococcus cecorum DSM 20682 = ATCC 43198 (1121864.4)	1750																	1455		
Enterococcus dispar ATCC 51266 (1139219.4)	1562																	914		
Enterococcus durans ATCC 6056 (1140001.4)																		2418		
Enterococcus faecalis OG1RF (474186.5)																		1460		
Enterococcus faecalis TX0104 (491074.3)																		426		
Enterococcus faecalis TX1322 (525278.3)																		308		
Enterococcus faecalis TX2134 (749518.3)																		1263		
Enterococcus faecalis V583 (226185.9)																		1686		
Enterococcus faecium TX1330 (525279.3)																		77		
Enterococcus gallinarum EG2 (565653.4)																		1291		
Enterococcus hirae ATCC 9790 (768486.3)																		2358		
Enterococcus phoeniculicola ATCC BAA-412 (1158610.4)																		1988		
Enterococcus sp. 7L76 (657310.3)																		230		
Erysipelotrichaceae bacterium 3_1_53 (658659.3)	287																	2356		
Erysipelotrichaceae bacterium 5_2_54FAA (552396.3)	1490																	1748		
Escherichia albertii TW07627 (502347.3)	1828																	4510		
Escherichia coli O157:H7 str. Sakai (386585.9)	2957																	4909		
Escherichia coli SE11 (409438.11)	2445																	4225		
Escherichia coli UTI89 (364106.8)	2322																	4223		
Escherichia coli str. K-12 substr. MG1655 (511145.12)	2098																	3887		
Escherichia fergusonii ATCC 35469 (585054.5)	2023																	3603		
Escherichia hermannii NBRC 105704 (1115512.3)	1581																	3669		
Escherichia sp. 1_1_43 (457400.3)																		1838		
Escherichia sp. 3_2_53FAA (469598.5)	2602																	4726		
Escherichia sp. 4_1_40B (457401.3)	2478																	4557		
Eubacterium biforme DSM 3989 (518637.5)	52																	163		
Eubacterium cellulosolvens 6 (633697.3)	655																	324		
Eubacterium cylindroides T2-87 (717960.3)																		1202		
Eubacterium dolichum DSM 3991 (428127.7)	108																			
Eubacterium eligens ATCC 27750 (515620.4)	583																	1795		
Eubacterium hallii DSM 3353 (411469.3)	1806																	1920		
Eubacterium limosum KIST612 (903814.3)	336																	168, 1666		
Eubacterium rectale ATCC 33656 (515619.6)	1171																	2070		
Eubacterium rectale M104/1 (657317.3)	2437																	1321		
Eubacterium saphenum ATCC 49989 (592031.3)	560																			
Eubacterium siraeum 70/3 (657319.3)	1049																	1164		
Eubacterium siraeum DSM 15702 (428128.7)	1247																	1492		
Eubacterium ventriosum ATCC 27560 (411463.4)	917, 1367																	2404		
Faecalibacterium cf. prausnitzii KLE1255 (748224.3)	1704																	546		
Faecalibacterium prausnitzii L2-6 (718252.3)																		989		
Faecalibacterium prausnitzii M21/2 (411485.10)	1123																	1924		
Faecalibacterium prausnitzii SL3/3 (657322.3)	1672																	1763		
Filifactor alocis ATCC 35896 (546269.5)																				
Finegoldia magna ATCC 29328 (334413.6)																		1341		
Fusobacterium gonidiaformans 3-1-5R (469605.7)																				
Fusobacterium gonidiaformans ATCC 25563 (469615.3)																				
Fusobacterium mortiferum ATCC 9817 (469616.3)																		1451		
Fusobacterium necrophorum D12 (556263.8)													1857	1855, 1856	1854, 1858, 1859, 1860	1853				
Fusobacterium nucleatum subsp. animalis 4_8 (469607.3)																				
Fusobacterium nucleatum subsp. nucleatum ATCC 25586 (190304.8)																				
Fusobacterium nucleatum subsp. vincentii 3_1_27 (469602.7)																				
Fusobacterium nucleatum subsp. vincentii 3_1_36A2 (469604.7)																				
Fusobacterium nucleatum subsp. vincentii 4_1_13 (469606.8)																				
Fusobacterium periodonticum 1_1_41FAA (469621.8)																		1416		
Fusobacterium periodonticum 2_1_31 (469599.8)																		1691		
Fusobacterium russii ATCC 25533 (1278306.3)																		758		
Fusobacterium sp. 3_1_33 (469603.3)																				
Fusobacterium sp. 7_1 (457405.3)																				
Fusobacterium sp. D11 (556264.3)													2176	2177, 2178	2174, 2175, 2179	2180				
Fusobacterium ulcerans ATCC 49185 (469617.3)																		2366		
Fusobacterium varium ATCC 27725 (469618.3)																		1754		
Gemella haemolysans ATCC 10379 (546270.5)																		1044		
Gemella moribillum M424 (562982.3)																		377		
Gemella sanguinis M325 (562983.3)																		934, 935		
Geobacillus kaustophilus HTA426 (235909.7)	2353																	2844		
Gordonia rubripertincta NBRC 101908 (1077975.4)	1329, 2664																	3945		
Gordonia terrae C-6 (1316928.3)	558, 1899, 2853																	666		
Gordonia terrae NBRC 100016 (1089454.3)	2582, 3199																	4296		
Gordonibacter pamelaeae 7-10-1-b (657308.3)	2640																	657		
Granulicatella adiacens ATCC 49175 (638301.3)																		1312		
Granulicatella elegans ATCC 700633 (626369.3)																		1098		
Grimontia hollisae CIP 101886 (675812.3)	3164																	74		
Haemophilus haemolyticus M19501 (1028803.3)	321																	446		
Haemophilus parainfluenzae T3T1 (862965.3)	1356																	1861		
Haemophilus sputorum CCUG 13788 (1035839.4)	412, 1199																	259		
Hafnia alvei ATCC 51873 (1002364.3)	3744																	167		
Helicobacter bilis ATCC 43879 (613026.4)	966, 1186, 1798																	512		
Helicobacter canadensis MIT 98-5491 (Prj:30719) (537970.9)	955																	1362		
Helicobacter cinaedi CCUG 18818 (537971.5)	1928																	2197		
Helicobacter pullorum MIT 98-5489 (537972.5)	381																	1864		
Helicobacter pylori 26695 (85962.8)																		1542		
Helicobacter winghamensis ATCC BAA-430 (556267.4)	224																	796		
Holdemania filiformis DSM 12042 (545696.5)																				
Kingella oralis ATCC 51147 (629741.3)	1034																	2363		
Klebsiella pneumoniae subsp. pneumoniae MGH 78578 (272620.9)	2501																	4331		
Klebsiella sp. 1_1_55 (469608.3)	1703																	5021		
Kocuria palustris PEL (1236550.3)	717, 1238																	1651		
Kocuria rhizophila DC2201 (378753.5)	329, 1569																	996		
Kytococcus sedentarius DSM 20547 (478801.5)	915																	936		
Lachnospiraceae bacterium 5_1_63FAA (658089.3)	2119																	1875		
Lachnospiraceae bacterium 8_1_57FAA (665951.3)	644																	1935		
Lactobacillus acidophilus ATCC 4796 (525306.3)																		1034		
Lactobacillus acidophilus NCFM (272621.13)																		1269		
Lactobacillus amylolyticus DSM 11664 (585524.3)																		177		
Lactobacillus amylovorus GRL 1112 (695560.3)																		1485		
Lactobacillus animalis KCTC 3501 (930942.3)																		1669		
Lactobacillus antri DSM 16041 (525309.3)																				
Lactobacillus brevis ATCC 367 (387344.15)																				
Lactobacillus brevis subsp. gravesensis ATCC 27305 (525310.3)	1732, 2778																	2767, 2768		
Lactobacillus buchneri ATCC 11577 (525318.3)	1239, 2563																	2573, 2574		
Lactobacillus casei ATCC 334 (321967.11)	1406, 1416																	2005		
Lactobacillus casei BL23 (543734.4)	1555, 1565																	2096		
Lactobacillus coleohominis 101-4-CHN (575594.3)																				
Lactobacillus crispatus 125-2-CHN (575595.3)																				
Lactobacillus delbrueckii subsp. bulgaricus ATCC 11842 (390333.7)																		1166		
Lactobacillus delbrueckii subsp. bulgaricus ATCC BAA-365 (321956.7)																		1187		
Lactobacillus fermentum ATCC 14931 (525325.3)	499																	799, 1079		
Lactobacillus fermentum IFO 3956 (334390.5)	836																	380, 1013		
Lactobacillus gasseri ATCC 33323 (324831.13)																				
Lactobacillus gastricus PS3 (1144300.3)	1680																			
Lactobacillus helveticus DPC 4571 (405566.6)																		1504		
Lactobacillus helveticus DSM 20075 (585520.4)																		1653		
Lactobacillus hilgardii ATCC 8290 (525327.3)	1491, 2280																	2270, 2271		
Lactobacillus iners DSM 13335 (525328.4)																				
Lactobacillus jensenii 1153 (440497.10)																				
Lactobacillus johnsonii DPC 6026 (909954.3)																				
Lactobacillus johnsonii NCC 533 (257314.6)																				
Lactobacillus mucosae LM1 (1130798.3)	650																			
Lactobacillus oris F0423 (944562.4)																				
Lactobacillus paracasei subsp. paracasei 8700:2 (537973.8)	70, 80																	2041		
Lactobacillus paracasei subsp. paracasei ATCC 25302 (525337.3)	33, 43																	2168		
Lactobacillus pentosus KCA1 (1136177.4)	2018																	1885		
Lactobacillus plantarum JDM1 (644042.3)	2069																	2007		
Lactobacillus plantarum WCFS1 (220668.9)	2143																	2016		
Lactobacillus plantarum subsp. plantarum ATCC 14917 (525338.3)	976																	1737		
Lactobacillus reuteri CF48-3A (525341.3)																				
Lactobacillus reuteri JCM 1112 (557433.4)																				
Lactobacillus reuteri MM2-3 (585517.3)																				
Lactobacillus reuteri MM4-1A (548485.3)																				
Lactobacillus reuteri SD2112 (491077.3)																				
Lactobacillus rhamnosus GG (Prj:40637) (568703.30)	1431, 1442																	2036		
Lactobacillus rhamnosus LMS2-1 (525361.3)	386, 396																	2422		
Lactobacillus ruminis ATCC 25644 (525362.3)	29, 195, 1761																	494		
Lactobacillus sakei subsp. sakei 23K (314315.12)																				
Lactobacillus salivarius ATCC 11741 (525364.3)																		1754		
Lactobacillus salivarius UCC118 (362948.14)																		139		
Lactobacillus ultunensis DSM 16047 (525365.3)																		77		
Lactobacillus vaginalis ATCC 49540 (525366.3)																				
Lactococcus garvieae ATCC 49156 (420889.6)																		1040		
Lactococcus raffinolactis 4877 (1215915.3)	283																	1980		
Laribacter hongkongensis HLHK9 (557598.3)	182, 1688																	1961		
Lautropia mirabilis ATCC 51599 (887898.3)	1613, 2411																	522		
Leptotrichia buccalis C-1013-b (523794.5)	1257																	380		
Leuconostoc argentinum KCTC 3773 (886872.3)	321																	648		
Leuconostoc gelidum JB7 (1229756.3)	612																	843		
Leuconostoc mesenteroides subsp. cremoris ATCC 19254 (586220.3)	369																	74		
Listeria grayi DSM 20601 (525367.9)	1719, 2380																	985		
Listeria monocytogenes FSL R2-561 (393126.4)	390																	1863		
Listeria monocytogenes J0161 (393130.8)	1234, 3040																	701		
Listeria monocytogenes SLCC2378 (879088.3)	1950, 2378																	1004		
Listeria monocytogenes SLCC2540 (879089.3)	2006, 2405																	980		
Listeria monocytogenes SLCC7179 (879090.3)	1903, 2292																	966		
Listeria monocytogenes serotype 7 str. SLCC2482 (1639.166)	2043, 2429																	1087		
Listeria monocytogenes str. 4b F2365 (265669.9)	1960, 2357																	1002		
Lysinibacillus fusiformis ZB2 (1231627.3)	1242																			
Lysinibacillus sphaericus C3-41 (444177.5)	2086																			
Megamonas funiformis YIT 11815 (742816.3)	1092																	1232		
Megamonas hypermegale ART12/1 (657316.3)	1367																	1624		
Methanobrevibacter smithii ATCC 35061 (420247.6)	44, 593, 636, 767																	1176		
Methanosphaera stadtmanae DSM 3091 (339860.6)	1272																	16		
Methylobacterium mesophilicum SR1.6/6 (908290.3)	3639																	2055		
Methylobacterium populi BJ001 (441620.7)	1681																	2666		
Methylobacterium radiotolerans JCM 2831 (426355.14)	1932																	5652		
Methyloversatilis universalis FAM5 (1000565.3)	2279, 2557																	126		
Microbacterium paraoxydans 77MFTsu3.2 (1151126.3)	1768, 2237																	2661		
Micrococcus luteus NCTC 2665 (465515.4)	699, 1945																	821		
Micromonospora aurantiaca ATCC 27029 (644283.4)	3724, 4476, 5869																	1331		
Mitsuokella multacida DSM 20544 (500635.8)	1185																	876		
Mobiluncus curtisii ATCC 43063 (548479.6)	1781																	1428		
Moraxella catarrhalis RH4 (749219.3)	1730																	1130		
Morganella morganii subsp. morganii KT (1124991.3)	886																	6		
Mycobacterium avium subsp. avium ATCC 25291 (553481.3)	256, 2605, 3816																	1922		
Mycobacterium fortuitum subsp. fortuitum DSM 46621 (1214102.3)	4960, 5389																	5870		
Mycoplasma hominis ATCC 23114 (347256.5)																				
Mycoplasma pneumoniae 309 (1112856.4)																				
Neisseria cinerea ATCC 14685 (546262.4)																		1010		
Neisseria elongata subsp. glycolytica ATCC 29315 (546263.3)	2403																	1028		
Neisseria flavescens SK114 (596320.3)	713																	803		
Neisseria mucosa ATCC 25996 (546266.6)	2404																	497		
Neisseria subflava NJ9703 (546268.4)	858																	2209		
Ochrobactrum anthropi ATCC 49188 (439375.7)	1041, 2792																	1734, 1915, 3936		
Odoribacter laneus YIT 12061 (742817.3)	1503, 1817																	954, 2281		
Odoribacter splanchnicus DSM 20712 (709991.3)	2186, 3706																	2342		
Olsenella uli DSM 7084 (633147.4)	1310																	1396		
Oribacterium sinus F0268 (585501.3)																		1868		
Oxalobacter formigenes HOxBLS (556268.6)	2370, 2654																	819		
Oxalobacter formigenes OXCC13 (556269.4)	82, 1045																	267		
Paenibacillus alvei DSM 29 (1206781.3)	867, 2848, 3302																			
Paenibacillus barengoltzii G22 (1235795.3)	1232																	510, 1344		
Paenibacillus daejeonensis DSM 15491 (1122917.3)	4699																	6130		
Paenibacillus lactis 154 (743719.3)	2689																	1814, 3593		
Parabacteroides distasonis ATCC 8503 (435591.13)	951																	1768		
Parabacteroides goldsteinii dnLKV18 (1235789.3)	716																	168		
Parabacteroides johnsonii DSM 18315 (537006.5)	1277																	1707		
Parabacteroides merdae ATCC 43184 (411477.4)	1332, 1865																	2469		
Parabacteroides sp. D13 (563193.3)	1618																	1110		
Paraprevotella clara YIT 11840 (762968.3)	1331																	975		
Paraprevotella xylaniphila YIT 11841 (762982.3)	405																	2917		
Parasutterella excrementihominis YIT 11859 (762966.3)																		2256		
Parvimonas micra ATCC 33270 (411465.10)	1331																			
Pediococcus acidilactici 7_4 (563194.3)																				
Pediococcus acidilactici DSM 20284 (862514.3)																				
Pediococcus pentosaceus ATCC 25745 (278197.12)																				
Peptoniphilus harei ACS-146-V-Sch2b (908338.3)																		1172		
Peptoniphilus lacrimalis DSM 7455 (1122949.3)																				
Peptostreptococcus anaerobius DSM 2949 (1122950.3)												525, 1886	518, 1892	520, 521, 1890, 1891	522, 523, 524, 1887, 1888, 1889	1893				
Peptostreptococcus stomatis DSM 17678 (596315.3)				1712	1710, 1711	1706, 1707, 1708, 1709						543		539	540, 541, 542					
Phascolarctobacterium sp. YIT 12067 (626939.3)	1857																			
Plesiomonas shigelloides 302-73 (1315976.3)	2291, 2439																	1263		
Porphyromonas asaccharolytica DSM 20707 (879243.3)																		402		
Porphyromonas endodontalis ATCC 35406 (553175.3)																		20		
Porphyromonas gingivalis W83 (242619.8)																		1194		
Porphyromonas somerae DSM 23386 (1122975.3)																		681		
Porphyromonas uenonis 60-3 (596327.3)																		1179		
Prevotella bivia DSM 20514 (868129.3)	2183																	814		
Prevotella bryantii B14 (752555.5)	305, 2227																	1024		
Prevotella buccae ATCC 33574 (873513.3)	1344																	2318		
Prevotella copri DSM 18205 (537011.5)	2151, 3041																	536, 5192		
Prevotella denticola F0289 (767031.3)	2340																	1680		
Prevotella disiens FB035-09AN (866771.4)	2414																	2408		
Prevotella intermedia 17 (246198.10)																		1780		
Prevotella loescheii DSM 19665 = JCM 12249 = ATCC 15930 (1122985.3)																		587		
Prevotella melaninogenica ATCC 25845 (553174.6)	1772																	812		
Prevotella nanceiensis DSM 19126 (1122988.3)	553, 764																	76		
Prevotella nigrescens ATCC 33563 (997352.4)																		235		
Prevotella oralis ATCC 33269 (873533.3)	2137																	1931		
Prevotella pallens ATCC 700821 (997353.4)																		1452		
Prevotella ruminicola 23 (264731.4)	373, 2829																	159		
Prevotella salivae DSM 15606 (888832.3)	2281																	72		
Prevotella timonensis CRIS 5C-B1 (679189.3)	361																			
Prevotella veroralis DSM 19559 (1122993.3)																		456		
Propionibacterium acidipropionici ATCC 4875 (1171373.8)	108, 1788																	2035		
Propionibacterium acnes KPA171202 (267747.3)	33, 1189																	1412		
Propionibacterium avidum 44067 (1170318.3)	1071, 2138																	868		
Propionibacterium freudenreichii subsp. shermanii CIRM-BIA1 (754252.3)	1169																	1317		
Propionibacterium propionicum F0230a (767029.3)	1619																	2091, 3009		
Proteus penneri ATCC 35198 (471881.3)	4427																	2824, 2825		
Providencia alcalifaciens DSM 30120 (520999.6)	638																	1148		
Providencia rettgeri DSM 1131 (521000.6)	3234																	271		
Providencia rustigianii DSM 4541 (500637.6)	3113, 4446																	526, 4906		
Providencia stuartii ATCC 25827 (471874.6)	910																	14		
Pseudomonas aeruginosa NCGM2.S1 (1089456.3)	1145																	504		
Pseudomonas alcaliphila 34 (1248438.3)	2795, 4487																	4135		
Pseudoramibacter alactolyticus ATCC 23263 (887929.3)	599												1528	1530, 1531	1527	1532		1107		
Pyramidobacter piscolens W5455 (352165.3)	1615, 2210																			
Ralstonia sp. 5_7_47FAA (658664.3)	1279, 2469, 4387																	1027		
Rhodococcus equi ATCC 33707 (525370.3)	1905, 2500, 4662																	1325, 4313		
Roseburia hominis A2-183 (585394.18)	2200																	779		
Roseburia intestinalis L1-82 (536231.5)	108, 2803																	2727		
Roseburia inulinivorans DSM 16841 (622312.4)	2085																	3010		
Rothia aeria F0474 (1125724.3)																		1659		
Rothia dentocariosa ATCC 17931 (762948.4)	616																	2140		
Rothia mucilaginosa DY-18 (680646.3)	185																	664		
Ruminococcaceae bacterium D16 (552398.3)	255																	1378		
Ruminococcus albus 7 (697329.10)	946																	3111		
Ruminococcus bromii L2-63 (657321.5)	520																	675		
Ruminococcus flavefaciens FD-1 (641112.4)	2504																	3532		
Ruminococcus gnavus ATCC 29149 (411470.6)	306																	2940		
Ruminococcus lactaris ATCC 29176 (471875.6)	639, 1234																	1554		
Ruminococcus obeum A2-162 (657314.3)	1531																	1433		
Ruminococcus sp. 18P13 (213810.4)	1869																	43		
Ruminococcus sp. 5_1_39BFAA (457412.4)	2284																	1707		
Ruminococcus sp. SR1/5 (657323.3)	1938																	34		
Ruminococcus torques ATCC 27756 (411460.6)	792																	2358		
Ruminococcus torques L2-14 (657313.3)	1622																	1228		
Salmonella enterica subsp. enterica serovar Typhimurium str. LT2 (99287.12)	2195																	4125		
Scardovia inopinata F0304 (641146.3)	358																	1403		
Slackia exigua ATCC 700122 (649764.3)	1487																	280		
Slackia piriformis YIT 12062 (742818.3)	281, 488																	1948		
Solobacterium moorei F0204 (706433.3)																				
Staphylococcus arlettae CVD059 (1212545.3)	102, 1259																	761		
Staphylococcus capitis QN1 (1189311.3)	683																	1903		
Staphylococcus caprae C87 (435838.3)	387																	79		
Staphylococcus epidermidis ATCC 12228 (176280.10)	476																	293		
Staphylococcus equorum subsp. equorum Mu2 (1159488.5)	555, 1555																	1055		
Staphylococcus haemolyticus JCSC1435 (279808.8)	2137																	2404		
Staphylococcus hominis subsp. hominis C80 (435837.3)	2038																	1085		
Staphylococcus lugdunensis HKU09-01 (698737.3)	2050																	2276		
Staphylococcus pettenkoferi VCU012 (904314.5)	911																	290		
Staphylococcus saprophyticus subsp. saprophyticus ATCC 15305 (342451.11)	433, 1989																	2154		
Staphylococcus simulans ACS-120-V-Sch1 (883166.5)	909, 1984																	1816		
Staphylococcus warneri SG1 (1194526.3)	1932																	2101		
Staphylococcus xylosus NJ (1262650.3)	546, 1168																	1537		
Stenotrophomonas maltophilia D457 (1163399.5)	1979																	759		
Streptococcus agalactiae A909 (205921.4)																		1185		
Streptococcus anginosus 1_2_62CV (742820.3)																		441		
Streptococcus australis ATCC 700641 (888833.3)																		806		
Streptococcus constellatus subsp. constellatus SK53 (1095730.3)																		217		
Streptococcus constellatus subsp. pharyngis SK1060 = CCUG 46377 (1035184.4)																		797, 798		
Streptococcus cristatus ATCC 51100 (889201.3)																		1160		
Streptococcus dysgalactiae subsp. dysgalactiae ATCC 27957 (663952.3)																		1164		
Streptococcus equinus ATCC 9812 (525379.3)	447																	1295		
Streptococcus gallolyticus subsp. gallolyticus ATCC 43143 (981539.3)	831, 1472																	967		
Streptococcus gordonii str. Challis substr. CH1 (467705.9)	1388																	1217		
Streptococcus infantarius subsp. infantarius ATCC BAA-102 (471872.6)	1309, 1490																	940		
Streptococcus infantis ATCC 700779 (889204.3)																		1723		
Streptococcus intermedius JTH08 (591365.3)																		917		
Streptococcus mitis NCTC 12261 (246201.6)																		1472		
Streptococcus mutans ATCC 25175 (1257041.3)	1136																	1074		
Streptococcus oralis Uo5 (927666.3)																		743		
Streptococcus parasanguinis ATCC 903 (888048.3)																		375		
Streptococcus parauberis KCTC 11537 (936154.3)																		1019		
Streptococcus peroris ATCC 700780 (888746.3)																		182		
Streptococcus pseudopneumoniae IS7493 (1054460.4)																		866		
Streptococcus salivarius JIM8777 (347253.5)	751																	529		
Streptococcus sanguinis SK36 (388919.9)	1374																	1166		
Streptococcus sp. 2_1_36FAA (469609.3)	1374																	1208		
Streptococcus thermophilus LMG 18311 (264199.4)																		597		
Streptococcus thoraltensis DSM 12221 (1123318.3)																		442		
Streptococcus uberis 0140J (218495.5)	608																	978		
Streptococcus vestibularis F0396 (904306.3)																		1428		
Subdoligranulum variabile DSM 15176 (411471.5)	2707, 3445																	1813, 4893		
Succinatimonas hippei YIT 12066 (762983.3)	1779, 1900																	471		
Sulfolobus solfataricus P2 (273057.1)	537																			
Sutterella wadsworthensis 3_1_45B (742821.3)	917, 1191																	747		
Tannerella forsythia ATCC 43037 (203275.8)																		2702		
Tropheryma whipplei str. Twist (203267.6)																		335		
Ureaplasma parvum serovar 1 str. ATCC 27813 (515608.4)																				
Ureaplasma urealyticum serovar 8 str. ATCC 27618 (626095.4)																				
Ureibacillus thermosphaericus str. Thermo-BF (1160707.3)	216																	620		
Veillonella atypica ACS-049-V-Sch6 (866776.4)	119																	1809		
Veillonella dispar ATCC 17748 (546273.3)	1564																	354		
Veillonella parvula DSM 2008 (479436.6)	128																	724		
Veillonella ratti ACS-216-V-Col6b (883156.3)	411																			
Veillonella sp. 3_1_44 (457416.3)	1351																	138		
Veillonella sp. 6_1_27 (450749.3)	1672																	131		
Vibrio furnissii NCTC 11218 (903510.3)	1531, 3879																	272		
Vibrio mimicus MB-451 (675806.3)	1547																	2537		
Vibrio parahaemolyticus RIMD 2210633 (223926.6)	1081																	2946		
Weissella cibaria KACC 11862 (911104.3)																		2046		
Weissella confusa LBAE C39-2 (1127131.3)																				
Weissella paramesenteroides ATCC 33313 (585506.3)																		1853		
Yersinia bercovieri ATCC 43970 (349968.5)	1930																	3764		
Yersinia enterocolitica subsp. enterocolitica 8081 (393305.7)	2940																	242		
Yersinia frederiksenii ATCC 33641 (349966.5)	3384																	2848		
Yersinia kristensenii ATCC 33638 (527012.3)	83, 350																	4256		
Yersinia pseudotuberculosis YPIII (502800.6)	2728																	4386		
Yersinia rohdei ATCC 43380 (527004.3)	684																	1375		
Yokenella regensburgei ATCC 43003 (1002368.3)	3909																	93		
